ID,Tank,TankNum,Trt,TpCO2,Ttemp,Infect,Biomass,EPF,BoredStart,ClearDate,ClearRound,BW0_Date,BW0_Corr,BW0_MeasOrd,BW0_L,BW0_W,BW0_Wt1,BW0_Wt2,BW0_Wt3,BW0_Wt,BW0_Dead,BW0_Notes,BW1_Date,BW1_Corr,BW1_MeasOrd,BW1_L,BW1_W,BW1_Wt1,BW1_Wt2,BW1_Wt3,BW1_Wt,BW0_BathDens,BW1_BathDens,BW01_DensPercDiff,BW1_Wt_DensCorr,BW1GrowDays,BW1_DeadWt,BW1_Notes,BW2_Date,BW2_Corr,BW2_MeasOrd,BW2_L,BW2_W,BW2_Wt1,BW2_Wt2,BW2_Wt3,BW2_Wt,BW2_BathDens,BW02_DensPercDiff,BW2_Wt_DensCorr,BW12GrowDays,BW02GrowDays,BW2_DeadWt,BW2_Notes,AbsChDay01,AbsChDay12,AbsChDay02,AbsChDay01_DensCorr,AbsChDay12_DensCorr,AbsChDay02_DensCorr,CalcDay,CalcDay60,CalcDaySource,PeaCrab,EPFLeftover,TraceVial,EPFDate,EPFpHTotal,EPFSal,EPFDIC,EPFpCO2,EPFCO3,EPFCalSat,EPFTankpHTotal,EPFTankSal,EPFTankDIC,EPFTankpCO2,EPFTankCO3,EPFTankCalSat,Alive,Dead,DaysAlive,Shucked,Frozen,Notes,SW,SWNotes,WWDate,WW,DW,WWNotes,DWNotes,CI_SW,FinalPhoto,TotalArea,highMg,repair,arag,AreaLowMg,PropCalciteHighMg,PropArag,PropLowMgRepair,BW0_DW,BW1_DW,BW2_DW,CalcDayDW02,CalcDayDW01,CalcDayDW,Temp,Sal,pHNBS,pHTotal,DICCorr,ATCorr,pHSW_calc,pCO2_DICAT,HCO3_DICAT,CO3_DICAT,CO2_DICAT,CalciteSat_DICAT,AragSat_DICAT,ATCalc_DICpHSW,pCO2_DICpHSW,HCO3_DICpHSW,CO3_DICpHSW,CO2_DICpHSW,CalciteSat_DICpHSW,AragSat_DICpHSW,ATCalc_DICpHNBS,pCO2_DICpHNBS,HCO3_DICpHNBS,CO3_DICpHNBS,CO2_DICpHNBS,CalciteSat_DICpHNBS,AragSat_DICpHNBS,pCO2,HCO3,CO3,CO2,CalciteSat,AragSat,TissueSampled,TissueNotes,CalciteSat2,LogCalciteSat,OystID
19005,1000_23_N_3,4C3,1000_23_N,1000,23,N,N,Y,0,NA,NA,9/13/19,09132019_25,40,58,36,17.985,17.986,17.986,17.986,N,NA,10/10/19,10102019_25,34,58,35,17.97,17.971,17.969,17.97,1021.033068,1021.033068,0,17.97,27,N,NA,11/10/19,11102019_25,38,57,35,17.955,17.953,17.955,17.954,1021.043061,-9.79E-06,17.95450905,31,58,N,if something is weird check the other measurements,-0.000580247,-0.000505376,-0.00054023,-0.000580247,-0.000499708,-0.000270115,-0.00054023,-0.032413793,AbsChDay02,,,,11/21/19,6.799076968,33.00766667,6309.823174,17914.00559,48.59969145,1.182941528,7.916560456,31.20766667,2074.24634,1215.705789,80.73716235,1.992022343,N,11/21/19,71,Y,N,check this shell for bore holes in person,32.062,all EPF were weighed with ports ,11/21/19,1.498666667,0.196333333,0,NA,0.612355228,19005_E,NA,NA,NA,NA,NA,NA,NA,NA,29.64813389,29.6221901,29.5962463,-0.000894614,-0.000960881,-0.000894614,23.048,31.33085507,7.907987087,7.774017043,2065.833333,2165.5,7.659676667,1064.133333,1941.233333,92.25,32.38333333,2.266666667,1.483333333,2243.192058,684.15,1905.216667,139.8,20.81666667,3.45,2.233333333,2238.4,701.4891372,1907.788598,136.7342034,21.33580848,3.368382693,2.189649014,1064.126708,1941.211088,92.26288844,32.38463288,2.27271206,1.477511342,Y,,5.165220108,0.820973858,5
19013,2800_23_N_3,4B3,2800_23_N,2800,23,N,N,Y,0,NA,NA,9/13/19,09132019_25,23,41,22,3.144,3.145,3.146,3.145,N,NA,10/10/19,10102019_25,17,41,22,3.077,3.076,3.076,3.076,1021.033068,1021.033068,0,3.076333333,27,N,NA,11/10/19,11102019_25,25,41,21,3.028,3.029,3.028,3.028,1021.043061,-9.79E-06,3.028362971,31,58,N,NA,-0.00254321,-0.001548387,-0.002011494,-0.00254321,-0.001547431,-0.001183908,-0.002011494,-0.120689655,AbsChDay02,,,,11/21/19,NA,NA,NA,NA,NA,NA,7.354966692,31.241,2203.311296,2968.373245,37.74905749,0.931710254,N,11/21/19,71,Y,N,,7.445,cleaned on 12/26/19,11/21/19,0.23,0.04,0,NA,0.537273338,19013_E,NA,NA,NA,NA,NA,NA,NA,NA,5.58364238,5.471759763,5.393928378,-0.003270931,-0.004143801,-0.003270931,23.16,31.3583913,7.387560391,7.253590348,2212,2165.166667,7.209116667,3204.016667,2079.85,35.25,96.8,0.866666667,0.583333333,2203.674561,2471.016667,2090.516667,46.8,74.58333333,1.15,0.75,2200.266667,2531.832474,2089.81761,45.65085414,76.43017873,1.124798687,0.731711723,3204.023012,2079.827887,35.26043175,96.81032372,0.868826236,0.565254065,Y,,0.754859028,-0.140612133,13
19041,2800_23_N_1,4B1,2800_23_N,2800,23,N,N,Y,0,NA,NA,9/13/19,09132019_25,7,68,35,10.829,10.83,10.832,10.83,N,"if something weird happens, check the other weights",10/10/19,10102019_25,3,69,34,10.597,10.593,10.598,10.596,1021.033068,1021.033068,0,10.596,27,N,NA,11/10/19,11102019_25,13,68,33,10.448,10.449,10.445,10.447,1021.043061,-9.79E-06,10.44743558,31,58,N,NA,-0.008679012,-0.004795699,-0.006603448,-0.008679012,-0.004792401,-0.00404023,-0.006603448,-0.396206897,AbsChDay02,,,,11/21/19,6.93361099,32.45433333,3653.052136,7881.225964,38.76912472,0.948330711,7.371616636,31.20766667,2220.833338,3305.776146,34.38208623,0.848992874,N,11/21/19,71,Y,N,,19.09633333,cleaned on 12/23/19,11/21/19,1.348666667,0.144666667,0,NA,0.757562534,19041_E,1428688,118368,48383,40596,1269724,0.085273887,0.028414881,0.038105132,18.0447715,17.6653435,17.4237419,-0.010707407,-0.014052889,-0.010707407,23.32,31.34244928,7.386022478,7.252052435,2213.166667,2157.666667,7.18161,3407.266667,2077.3,33.08333333,102.8166667,0.816666667,0.533333333,2204.271688,2488.766667,2091.55,46.63333333,75.03333333,1.166666667,0.733333333,2200.766667,2551.797247,2090.827451,45.45267576,76.93175898,1.120436863,0.728953322,3407.281579,2077.309485,33.09878127,102.8036192,0.815954669,0.530906405,Y,,0.665782021,-0.203396479,41
19076,400_23_S_2,3A2,400_23_S,400,23,S,N,Y,0.71403239,NA,NA,9/12/19,09122019_25,16,54,43,10.886,10.884,10.885,10.885,N,NA,10/14/19,10142019_25,47,53,43,10.845,10.845,10.843,10.844,1021.058218,1021.058218,0,10.84433333,32,N,if something weird happens look at other measurements,11/11/19,11112019_25,13,55,43,10.83,10.831,10.829,10.83,1021.06302,-4.70E-06,10.83005094,28,60,N,NA,-0.001270833,-0.000511905,-0.000916667,-0.001270833,-0.000510086,-0.000677778,-0.000916667,-0.055,AbsChDay02,,,,11/20/19,7.398937659,30.371,4311.500793,3236.393686,128.6983637,3.193724208,8.174880617,31.20766667,1927.582504,437.8637902,175.4725109,4.327706641,N,11/20/19,70,Y,N,,19.85633333,cleaned on 12/26/19,11/20/19,1.340666667,0.192333333,0,NA,0.96862462,19076_E,NA,NA,NA,NA,NA,NA,NA,NA,18.1339533,18.06747232,18.0447715,-0.001486363,-0.00207753,-0.001486363,22.956,31.32650725,8.195930826,8.061960783,1951.5,2166,7.937238333,517.7,1774.95,160.6333333,15.71666667,3.95,2.566666667,2274.001668,322.75,1706.966667,234.5333333,9.8,5.75,3.75,2266.983333,331.5501437,1711.644494,229.5976011,10.06257693,5.65684502,3.677776581,517.6874945,1774.966379,160.6152211,15.72307197,3.957805473,2.573273923,Y,,15.66422416,1.375689698,76
19086,400_23_N_3,6A3,400_23_N,400,23,N,N,Y,0,NA,NA,9/15/19,09152019_25,63,60,34,8.767,8.766,8.767,8.767,N,NA,10/13/19,10132019_25,95,61,34,8.763,8.764,8.765,8.764,1021.028182,1021.003037,2.46E-05,8.763784167,28,N,NA,11/8/19,11082019_25,37,60,35,8.764,8.764,8.762,8.763,1021.06302,-3.41E-05,8.763632341,26,54,N,NA,-9.52E-05,-2.56E-05,-6.17E-05,-0.000102946,-5.84E-06,-5.34E-05,-6.17E-05,-0.003703704,AbsChDay02,,,,11/21/19,7.630519477,32.92433333,3275.551017,1357.335586,179.3343969,4.36492878,8.185815401,31.141,1940.309854,483.2781454,161.893927,3.993216979,N,11/21/19,71,Y,N,,16.56366667,cleaned on 12/23/19,11/21/19,0.720333333,0.096333333,0,NA,0.581594252,19086_E,1262344,88748,54081,39980,1133616,0.072603578,0.03167124,0.047706631,14.69964341,14.69477895,14.69315746,-0.00012011,-0.000173731,-0.00012011,23.048,31.31636232,8.195737174,8.061767174,1944.333333,2152.333333,7.928661667,521.7,1772.983333,155.6,15.9,3.85,2.5,2273.069377,313.1833333,1696.566667,238.3833333,9.516666667,5.9,3.816666667,2266.1,321.5225836,1701.222468,233.4660917,9.783386694,5.751145188,3.737968757,521.6958106,1772.991738,155.5930028,15.88720553,3.833091976,2.491525271,Y,,14.69259409,1.343671782,86
19092,400_23_S_1,3A1,400_23_S,400,23,S,N,Y,0.194174283,NA,NA,9/12/19,09122019_25,9,52,35,7.771,7.771,7.772,7.771,N,NA,10/14/19,10142019_25,37,52,36,7.713,7.713,7.714,7.713,1021.058218,1021.058218,0,7.713333333,32,N,NA,11/11/19,11112019_25,1,52,36,7.699,7.699,7.7,7.699,1021.06302,-4.70E-06,7.699369547,28,60,N,NA,-0.0018125,-5.00E-04,-0.0012,-0.0018125,-0.000498707,-0.000966667,-0.0012,-0.072,AbsChDay02,,,,11/20/19,6.706145913,33.84433333,4551.735115,15557.71414,28.46044568,0.688183874,8.179360109,31.00766667,1938.16086,479.8620065,164.0141717,4.051906095,N,11/20/19,70,Y,N,,NA,NA,11/20/19,1.173333333,0.161666667,0,NA,NA,19092_E,NA,NA,NA,NA,NA,NA,NA,NA,13.08464216,12.9905959,12.96789508,-0.001945785,-0.002938946,-0.001945785,22.796,31.32795652,8.198875435,8.064905435,1947.833333,2143.166667,7.902546667,557.1,1783.133333,147.5333333,16.98333333,3.633333333,2.366666667,2274.502767,315.2,1700.766667,237.3166667,9.616666667,5.85,3.783333333,2267.566667,323.5630322,1705.388004,232.4127877,9.850593123,5.725184295,3.72093039,557.1241192,1783.144825,147.5246047,16.98195495,3.634605058,2.362397187,Y,,13.21035393,1.290500455,92
19103,400_23_U_2,6C2,400_23_N,400,23,N,N,Y,0,NA,NA,9/16/19,09162019_25,22,45,26,3.537,3.538,3.537,3.537,N,NA,10/12/19,10122019_25,55,45,27,3.508,3.508,3.508,3.508,1021.058218,1021.053328,4.79E-06,3.507983201,26,N,NA,11/9/19,11092019_25,4,45,27,3.509,3.51,3.508,3.509,1021.088174,-2.93E-05,3.509102949,28,54,N,NA,-0.001128205,3.57E-05,-0.000524691,-0.001128851,4.00E-05,-0.000543521,-0.000524691,-0.031481481,AbsChDay02,,,,11/21/19,7.090512385,34.75766667,2338.633165,3406.062028,38.69402341,0.928848683,8.27049304,31.20766667,1882.783361,402.7305439,180.2787407,4.446243456,N,11/21/19,71,Y,N,,8.683333333,cleaned on 12/23/19,11/21/19,0.374333333,0.060333333,small amount of mantle,NA,0.694817658,19103_E,633476,0,25273,9791,623685,0,0.015455992,0.040522058,6.219265362,6.172242233,6.17386372,-0.000840771,-0.001808582,-0.000840771,23.312,31.3294058,8.22892287,8.09495287,1931,2157,7.957898333,482.8833333,1749.366667,167.15,14.51666667,4.116666667,2.683333333,2286.309815,289.5333333,1665.3,257.0333333,8.716666667,6.333333333,4.116666667,2278.3,298.0690745,1670.732451,251.3587426,8.955815642,6.197146963,4.033109744,482.8798924,1749.370325,167.1616106,14.51507278,4.121467589,2.682387871,Y,small amount of mantle compared to other samples,16.98649509,1.416209311,103
19112,2800_23_U_3,7C3,2800_23_N,2800,23,N,N,Y,0,NA,NA,9/17/19,09172019_25,20,63,33,11.538,11.537,11.538,11.538,N,NA,10/12/19,10122019_25,95,63,34,11.396,11.395,11.396,11.396,1020.977893,1021.053328,-7.39E-05,11.39650864,25,N,NA,11/8/19,11082019_25,15,62,36,11.322,11.322,11.322,11.322,1021.06302,-8.34E-05,11.32294401,27,52,N,NA,-0.00568,-0.002728395,-0.004147436,-0.005646321,-0.002724616,-0.002714577,-0.004147436,-0.248846154,AbsChDay02,,,,NA,NA,NA,NA,NA,NA,NA,7.309254419,31.341,2207.1233,2940.012591,37.83352274,0.932537986,N,11/18/19,68,Y,N,died on its own,21.736,all EPF were weighed with ports ,11/18/19,1.002,0.123,0,NA,0.565881487,19112_E,1332992,191964,29013,52153,1088875,0.149873638,0.039124766,0.026644932,19.19278444,18.96253325,18.8425432,-0.006735408,-0.009210047,-0.006735408,23.096,31.34969565,7.391003,7.25703287,2219.5,2177,7.222418333,3127.866667,2088.333333,36.55,94.63333333,0.9,0.583333333,2207.468994,2552.7,2096.233333,46,77.3,1.133333333,0.75,2204.066667,2614.303917,2095.469737,44.89375914,79.15200765,1.10604603,0.719618265,3127.865025,2088.329547,36.53881076,94.64714609,0.900249771,0.585675065,Y,,0.81044965,-0.105083031,112
19142,1000_23_U_3,8B3,1000_23_N,1000,23,N,N,Y,0,NA,NA,9/17/19,09172019_25,47,54,32,7.528,7.529,7.528,7.528,N,NA,10/13/19,10132019_25,15,54,32,7.518,7.517,7.516,7.517,1020.977893,1021.003037,-2.46E-05,7.517185129,26,N,NA,11/6/19,11062019_25,9,54,32,7.511,7.512,7.511,7.511,1021.058218,-7.87E-05,7.511924285,24,50,N,NA,-0.000435897,-0.000236111,-0.00034,-0.000428777,-0.000219202,-0.000222964,-0.00034,-0.0204,AbsChDay02,,,,11/21/19,6.977852003,32.931,3494.018803,6683.964065,41.59096934,1.012595097,7.811907574,31.30766667,2056.036129,1027.786191,92.50201868,2.279702736,N,11/21/19,71,Y,N,EPF port fell off on 11/15 reattached with superglue,15.331,cleaned on 12/26/19,11/21/19,0.531333333,0.077333333,0,NA,0.504424586,19142_E,NA,NA,NA,NA,NA,NA,NA,NA,12.69062077,12.67278441,12.66305549,-0.000551306,-0.000686014,-0.000551306,23.05833333,31.35984058,7.910295174,7.776325087,2069,2159.666667,7.630841667,1148,1946.966667,87.41666667,34.8,2.166666667,1.383333333,2239.427205,705.9833333,1912.733333,135.05,21.38333333,3.316666667,2.166666667,2234.8,723.6491926,1915.155386,132.1065584,21.92490179,3.253144716,2.116203386,1147.987365,1946.98532,87.39795335,34.80357273,2.152373286,1.40019871,Y,,4.632710762,0.766571087,142
19158,2800_23_S_2,5A2,2800_23_S,2800,23,S,N,Y,0.368394174,NA,NA,9/13/19,09132019_25,63,61,35,9.425,9.424,9.422,9.424,N,NA,10/14/19,10142019_25,5,61,36,9.255,9.254,9.255,9.255,1021.033068,1021.058218,-2.46E-05,9.254894622,31,N,NA,11/9/19,11092019_25,21,61,35,9.156,9.154,9.155,9.155,1021.088174,-5.40E-05,9.155494101,26,57,N,NA,-0.005451613,-0.003833333,-0.00471345,-0.00544426,-0.003823097,-0.002960913,-0.00471345,-0.282807018,AbsChDay02,,,,11/21/19,7.032521879,26.661,4862.215493,8818.965097,53.00217599,1.349883573,7.376622649,31.10766667,2215.0996,3274.662907,33.10039736,0.816483607,N,11/21/19,71,Y,N,EPF port fell off on 11/15 reattached with superglue,17.266,all EPF were weighed with ports ,11/21/19,1.624333333,0.251333333,0,NA,1.455654658,19158_E,NA,NA,NA,NA,NA,NA,NA,NA,15.7649605,15.49092916,15.32878044,-0.007652282,-0.008839721,-0.007652282,22.968,31.29897101,7.378232957,7.244262913,2231.833333,2170.833333,7.171391667,3515.333333,2092.916667,32.23333333,106.65,0.783333333,0.5,2220.476563,2530.333333,2108.766667,46.25,76.75,1.15,0.75,2217.05,2591.998859,2108.017362,45.12545883,78.62760679,1.111989415,0.722951405,3515.30077,2092.900789,32.21613938,106.6534995,0.793872877,0.516145965,Y,,0.630234145,-0.230831935,158
19183,1000_23_S_3,8C3,1000_23_S,1000,23,S,N,Y,0.353124481,NA,NA,9/17/19,09172019_25,68,62,41,12.343,12.34,12.339,12.341,N,"if something weird happens, check the other weights",10/13/19,10132019_25,35,62,42,12.313,12.311,12.312,12.312,1020.977893,1021.003037,-2.46E-05,12.31230322,26,N,NA,11/7/19,11072019_25,2,62,42,12.274,12.273,12.273,12.273,1021.083368,-0.000103308,12.27460126,25,51,N,NA,-0.001102564,-0.001546667,-0.001320261,-0.001090902,-0.001508078,-0.000556146,-0.001320261,-0.079215686,AbsChDay02,,,,11/22/19,6.555724064,32.95766667,3224.94111,15026.20748,13.24772116,0.322416459,7.841090967,31.40766667,2051.150104,972.5967602,96.76138763,2.3824471,N,11/22/19,72,Y,N,,22.48033333,cleaned on 12/26/19,11/22/19,1.435,0.198666667,Third measurement was very different,NA,0.883735413,19183_E,NA,NA,NA,NA,NA,NA,NA,NA,20.49483866,20.44781553,20.38457753,-0.002161983,-0.001808582,-0.002161983,23.276,31.35766667,7.915164125,7.781193917,2062.428571,2168,7.672224286,1028.985714,1935.485714,95.65714286,31.01428571,2.371428571,1.528571429,2236.137103,695.6,1903.8,137.3857143,20.98571429,3.385714286,2.2,2231.228571,713.9896021,1906.379504,134.2699259,21.53054989,3.308199671,2.152750936,1028.995359,1935.488175,95.6673897,31.02441535,2.357103,1.533821594,Y,,5.555934553,0.857433323,183
19197,2800_23_U_3,7C3,2800_23_N,2800,23,N,N,Y,0,NA,NA,9/17/19,09172019_25,24,56,24,5.745,5.746,5.745,5.745,N,NA,10/12/19,10122019_25,101,56,25,5.615,5.617,5.616,5.616,1020.977893,1021.053328,-7.39E-05,5.61641494,25,N,NA,11/8/19,11082019_25,17,56,25,5.556,5.556,5.556,5.556,1021.06302,-8.34E-05,5.556463251,27,52,N,NA,-0.005173333,-0.002222222,-0.003641026,-0.005156736,-0.002220433,-0.0024792,-0.003641026,-0.218461538,AbsChDay02,,,,11/21/19,6.995831824,32.451,7094.98174,13189.64298,87.09962504,2.129050005,7.309254419,31.341,2207.1233,2940.012591,37.83352274,0.932537986,N,11/21/19,71,Y,N,,NA,NA,11/21/19,0.461666667,0.071666667,0,NA,NA,19197_E,881463,48192,21390,35443,797828,0.056963192,0.040209288,0.02681029,9.799509096,9.590337247,9.493048015,-0.005893482,-0.008366874,-0.005893482,23.096,31.34969565,7.391003,7.25703287,2219.5,2177,7.222418333,3127.866667,2088.333333,36.55,94.63333333,0.9,0.583333333,2207.468994,2552.7,2096.233333,46,77.3,1.133333333,0.75,2204.066667,2614.303917,2095.469737,44.89375914,79.15200765,1.10604603,0.719618265,3127.865025,2088.329547,36.53881076,94.64714609,0.900249771,0.585675065,Y,,0.81044965,-0.105083031,197
19227,2800_23_N_2,4B2,2800_23_N,2800,23,N,N,Y,0,NA,NA,9/13/19,09132019_25,12,61,44,15.763,15.766,15.763,15.764,N,NA,10/10/19,10102019_25,11,61,48,15.572,15.573,15.573,15.573,1021.033068,1021.033068,0,15.57266667,27,N,NA,11/10/19,11102019_25,22,61,45,15.449,15.451,15.449,15.45,1021.043061,-9.79E-06,15.44981787,31,58,N,NA,-0.00708642,-0.003967742,-0.00541954,-0.00708642,-0.003962864,-0.003298851,-0.00541954,-0.325172414,AbsChDay02,,,,11/21/19,7.003923525,32.65766667,4178.654372,7701.415832,52.96158518,1.293477707,7.349144726,31.20766667,2219.201334,3419.368663,33.11941891,0.817813976,N,11/21/19,71,Y,N,,26.88566667,all EPF were weighed with ports ,11/21/19,0.755333333,0.105,0,NA,0.390542668,19227_E,1361734,357987,262016,44920,958827,0.27185844,0.032987353,0.273267232,26.04518934,25.73548528,25.53604236,-0.008778396,-0.011470521,-0.008778396,23.304,31.31926087,7.37247,7.238499957,2218.333333,2163.666667,7.184976667,3390.366667,2082.783333,33.41666667,102.1833333,0.833333333,0.533333333,2205.349243,2573.866667,2095.366667,45.51666667,77.51666667,1.116666667,0.733333333,2201.733333,2640.326769,2094.526362,44.343426,79.51136429,1.093290978,0.711292335,3390.354795,2082.776082,33.43030479,102.1747659,0.824276827,0.536320123,Y,,0.679432288,-0.19324885,227
19248,1000_23_N_3,4C3,1000_23_N,1000,23,N,N,Y,0,NA,NA,9/13/19,09132019_25,39,68,39,14.784,14.783,14.783,14.783,N,NA,10/10/19,10102019_25,38,68,38,14.765,14.764,14.764,14.764,1021.033068,1021.033068,0,14.76433333,27,N,NA,11/10/19,11102019_25,42,68,38,14.751,14.75,14.748,14.75,1021.043061,-9.79E-06,14.74981102,31,58,N,NA,-0.000703704,-0.000473118,-0.00058046,-0.000703704,-0.000468462,-0.000327586,-0.00058046,-0.034827586,AbsChDay02,,,,11/21/19,NA,NA,NA,NA,NA,NA,7.916560456,31.20766667,2074.24634,1215.705789,80.73716235,1.992022343,N,11/21/19,71,Y,N,,27.38133333,cleaned on 12/26/19,11/21/19,1.415,0.189666667,0,NA,0.692686015,19248_E,NA,NA,NA,NA,NA,NA,NA,NA,24.4545104,24.42370214,24.40100132,-0.00092257,-0.001141047,-0.00092257,23.048,31.33085507,7.907987087,7.774017043,2065.833333,2165.5,7.659676667,1064.133333,1941.233333,92.25,32.38333333,2.266666667,1.483333333,2243.192058,684.15,1905.216667,139.8,20.81666667,3.45,2.233333333,2238.4,701.4891372,1907.788598,136.7342034,21.33580848,3.368382693,2.189649014,1064.126708,1941.211088,92.26288844,32.38463288,2.27271206,1.477511342,Y,,5.165220108,0.820973858,248
19253,1000_23_S_3,8C3,1000_23_S,1000,23,S,N,Y,0.414000925,NA,NA,9/17/19,09172019_25,65,66,33,12.348,12.345,12.345,12.346,N,NA,10/13/19,10132019_25,33,66,33,12.32,12.32,12.32,12.32,1020.977893,1021.003037,-2.46E-05,12.32030342,26,N,NA,11/7/19,11072019_25,1,66,33,12.266,12.268,12.265,12.266,1021.083368,-0.000103308,12.26760054,25,51,N,NA,-0.001,-0.002146667,-0.001562092,-0.00098833,-0.002108115,-0.000503855,-0.001562092,-0.09372549,AbsChDay02,,,,11/22/19,7.122014407,27.23433333,5934.592744,8791.253219,82.3053856,2.088751313,7.841090967,31.40766667,2051.150104,972.5967602,96.76138763,2.3824471,N,11/22/19,72,Y,N,,22.744,cleaned on 12/23/19,11/22/19,1.168,0.159,0,NA,0.699085473,19253_E,NA,NA,NA,NA,NA,NA,NA,NA,20.50294609,20.46078743,20.37322712,-0.002543509,-0.001621487,-0.002543509,23.276,31.35766667,7.915164125,7.781193917,2062.428571,2168,7.672224286,1028.985714,1935.485714,95.65714286,31.01428571,2.371428571,1.528571429,2236.137103,695.6,1903.8,137.3857143,20.98571429,3.385714286,2.2,2231.228571,713.9896021,1906.379504,134.2699259,21.53054989,3.308199671,2.152750936,1028.995359,1935.488175,95.6673897,31.02441535,2.357103,1.533821594,Y,,5.555934553,0.857433323,253
19254,2800_23_S_1,5A1,2800_23_S,2800,23,S,N,Y,0.351835367,NA,NA,9/13/19,09132019_25,49,66,41,16.716,16.716,16.718,16.717,N,NA,10/13/19,10132019_25,99,68,41,16.498,16.497,16.5,16.498,1021.033068,1021.003037,2.94E-05,16.49784808,30,N,if something weird happens look at other measurements,11/9/19,11092019_25,15,68,41,16.297,16.295,16.296,16.296,1021.088174,-5.40E-05,16.29687951,27,57,N,if something is weird check the other measurements,-0.007277778,-0.007493827,-0.007380117,-0.007293953,-0.007443281,-0.003838923,-0.007380117,-0.442807018,AbsChDay02,,,,11/21/19,6.676371635,32.79433333,5381.193634,19546.84848,29.94917852,0.729546087,7.376826637,31.141,2219.352284,3186.367926,34.23288372,0.844211802,N,11/21/19,71,Y,N,,28.851,all EPF were weighed with ports ,11/21/19,1.742333333,0.262,0,NA,0.908114103,19254_E,NA,NA,NA,NA,NA,NA,NA,NA,27.59046664,27.23536094,26.90782053,-0.011976248,-0.011836857,-0.011976248,22.788,31.31201449,7.397814304,7.263844304,2226.833333,2174.5,7.19959,3311,2091.7,34.21666667,100.95,0.833333333,0.533333333,2219.085002,2447.233333,2105.083333,47.18333333,74.65,1.15,0.766666667,2215.783333,2504.946321,2104.428469,46.07134075,76.40309932,1.1350071,0.73748023,3311.002477,2091.71785,34.22265559,100.9624035,0.843059823,0.547776954,Y,,0.710749865,-0.170717359,254
19264,400_23_U_3,6C3,400_23_N,400,23,N,N,Y,0,NA,NA,9/16/19,09162019_25,24,79,37,22.019,22.021,22.02,22.02,N,NA,10/12/19,10122019_25,56,79,37,21.994,21.993,21.993,21.993,1021.058218,1021.053328,4.79E-06,21.99322801,26,N,NA,11/9/19,11092019_25,9,79,37,21.996,21.995,21.994,21.995,1021.088174,-2.93E-05,21.9956453,28,54,N,NA,-0.001025641,5.95E-05,-0.000462963,-0.001029692,8.63E-05,-0.000495778,-0.000462963,-0.027777778,AbsChDay02,,,,11/21/19,NA,NA,NA,NA,NA,NA,8.276111018,31.20766667,1897.52738,389.7863465,187.2363703,4.616935669,N,11/21/19,71,Y,N,,38.08666667,cleaned on 12/23/19,11/21/19,1.773666667,0.261666667,0,NA,0.687029582,19264_E,1587281,112617,84178,65683,1408981,0.074012321,0.041380827,0.059743886,36.18921325,36.1454331,36.14867607,-0.000750689,-0.001683852,-0.000750689,23.284,31.33230435,8.232414739,8.098444696,1937.666667,2161.5,7.95437,489.0166667,1756.416667,166.3666667,14.7,4.1,2.683333333,2293.502116,291.15,1670.816667,257.9333333,8.75,6.35,4.133333333,2285.4,299.8350509,1676.308952,252.1810966,9.012441759,6.218218554,4.046335277,489.0156406,1756.435446,166.3642702,14.70277461,4.102316771,2.669552722,Y,,16.82900289,1.41155188,264
19274,2800_23_S_2,5A2,2800_23_S,2800,23,S,N,Y,0.358123926,NA,NA,9/13/19,09132019_25,62,71,34,12.421,12.421,12.42,12.421,N,NA,10/14/19,10142019_25,6,72,33,12.17,12.17,12.171,12.17,1021.033068,1021.058218,-2.46E-05,12.17063311,31,N,NA,11/9/19,11092019_25,22,74,33,11.964,11.965,11.964,11.964,1021.088174,-5.40E-05,11.96497906,26,57,N,NA,-0.008075269,-0.007923077,-0.008005848,-0.008065599,-0.007909771,-0.004386554,-0.008005848,-0.480350877,AbsChDay02,,,,11/21/19,6.77404124,29.85433333,4622.55567,14113.28466,29.82701151,0.742489168,7.376622649,31.10766667,2215.0996,3274.662907,33.10039736,0.816483607,N,11/21/19,71,Y,N,,21.91966667,cleaned on 12/26/19,11/21/19,0.773,0.129333333,0,NA,0.590033303,19274_E,NA,NA,NA,NA,NA,NA,NA,NA,20.62455763,20.21756435,19.88353798,-0.013000345,-0.013128816,-0.013000345,22.968,31.29897101,7.378232957,7.244262913,2231.833333,2170.833333,7.171391667,3515.333333,2092.916667,32.23333333,106.65,0.783333333,0.5,2220.476563,2530.333333,2108.766667,46.25,76.75,1.15,0.75,2217.05,2591.998859,2108.017362,45.12545883,78.62760679,1.111989415,0.722951405,3515.30077,2092.900789,32.21613938,106.6534995,0.793872877,0.516145965,Y,,0.630234145,-0.230831935,274
19300,1000_23_U_2,8B2,1000_23_N,1000,23,N,N,Y,0,NA,NA,9/17/19,09172019_25,39,44,18,2.859,2.86,2.86,2.86,N,NA,10/13/19,10132019_25,10,45,19,2.855,2.852,2.853,2.853,1020.977893,1021.003037,-2.46E-05,2.853403605,26,N,NA,11/6/19,11062019_25,5,45,19,2.859,2.861,2.859,2.86,1021.058218,-7.87E-05,2.85989165,24,50,N,NA,-0.00024359,0.000263889,1.78E-17,-0.000240887,0.000270335,-0.000125261,1.78E-17,1.07E-15,AbsChDay02,,,,11/21/19,NA,NA,NA,NA,NA,NA,7.806805253,31.40766667,2058.818952,1027.359881,93.33912571,2.299073434,N,11/21/19,71,Y,N,,7.870333333,cleaned on 12/26/19,11/21/19,0.276666667,0.038666667,0,NA,0.49129643,19300_E,NA,NA,NA,NA,NA,NA,NA,NA,5.121518528,5.110168118,5.121518528,0,-0.000436554,0,23.11666667,31.33085507,7.910154783,7.776184696,2067,2167.333333,7.66065,1056.983333,1942.05,92.81666667,31.98333333,2.283333333,1.483333333,2235.058675,714.7333333,1911.466667,133.7666667,21.61666667,3.283333333,2.166666667,2230.383333,733.1405879,1913.909155,130.7742535,22.17233762,3.221205851,2.095463008,1056.958577,1942.051826,92.82485993,31.97905996,2.286635163,1.487541287,Y,,5.228700367,0.827081376,300
19304,2800_23_S_1,5A1,2800_23_S,2800,23,S,N,Y,0.262157643,NA,NA,9/13/19,09132019_25,51,49,27,6.722,6.724,6.722,6.723,N,NA,10/13/19,10132019_25,101,45,27,6.559,6.559,6.558,6.559,1021.033068,1021.003037,2.94E-05,6.558473761,30,N,NA,11/9/19,11092019_25,13,47,27,6.48,6.48,6.48,6.48,1021.088174,-5.40E-05,6.48034973,27,57,N,NA,-0.005466667,-0.00291358,-0.00425731,-0.005473097,-0.002893483,-0.002880577,-0.00425731,-0.255438596,AbsChDay02,,,,11/21/19,NA,NA,NA,NA,NA,NA,7.376826637,31.141,2219.352284,3186.367926,34.23288372,0.844211802,N,11/21/19,71,Y,N,,13.01966667,all EPF were weighed with ports ,11/21/19,0.694333333,0.109333333,0,NA,0.839755242,19304_E,NA,NA,NA,NA,NA,NA,NA,NA,11.38532358,11.11939968,10.99130219,-0.006912656,-0.00886413,-0.006912656,22.788,31.31201449,7.397814304,7.263844304,2226.833333,2174.5,7.19959,3311,2091.7,34.21666667,100.95,0.833333333,0.533333333,2219.085002,2447.233333,2105.083333,47.18333333,74.65,1.15,0.766666667,2215.783333,2504.946321,2104.428469,46.07134075,76.40309932,1.1350071,0.73748023,3311.002477,2091.71785,34.22265559,100.9624035,0.843059823,0.547776954,Y,,0.710749865,-0.170717359,304
19355,400_23_S_3,3A3,400_23_S,400,23,S,N,Y,0.319708532,NA,NA,9/12/19,09122019_25,19,75,36,13.183,13.182,13.183,13.183,N,NA,10/14/19,10142019_25,53,76,35,13.163,13.163,13.161,13.162,1021.058218,1021.058218,0,13.16233333,32,N,NA,11/11/19,11112019_25,16,76,36,13.156,13.154,13.152,13.154,1021.06302,-4.70E-06,13.15406187,28,60,N,NA,-0.000635417,-0.000297619,-0.000477778,-0.000635417,-0.000295409,-0.000338889,-0.000477778,-0.028666667,AbsChDay02,,,,11/20/19,7.08346128,30.241,4306.075714,6749.759831,60.74621621,1.509534338,8.205641598,31.57433333,1937.72642,451.1380586,175.1442545,4.309526192,N,11/20/19,70,Y,N,,23.56466667,cleaned on 12/23/19,11/20/19,0.806333333,0.104,0,NA,0.441338727,19355_E,NA,NA,NA,NA,NA,NA,NA,NA,21.86013088,21.82607965,21.81310775,-0.000783719,-0.001064101,-0.000783719,23.104,31.33665217,8.19967013,8.0657,1948.166667,2155.333333,7.922326667,529.8166667,1776.583333,155.4666667,16,3.833333333,2.5,2278.605916,317.1333333,1698.45,240.0333333,9.583333333,5.916666667,3.866666667,2271.366667,326.0501811,1703.27144,234.9378031,9.846587085,5.788424791,3.765717429,529.8372534,1776.573191,155.4759846,16.00665455,3.831091308,2.49236347,Y,,14.67726061,1.3431497,355
19365,1000_23_U_2,8B2,1000_23_N,1000,23,N,N,Y,0,NA,NA,9/17/19,09172019_25,32,68,38,11.71,11.707,11.707,11.708,N,NA,10/13/19,10132019_25,7,68,39,11.685,11.685,11.685,11.685,1020.977893,1021.003037,-2.46E-05,11.68528778,26,N,NA,11/6/19,11062019_25,6,68,39,11.692,11.691,11.691,11.691,1021.058218,-7.87E-05,11.69225314,24,50,N,if something is weird check the other measurements,-0.000884615,0.000263889,-0.000333333,-0.000873547,0.000290224,-0.000454244,-0.000333333,-0.02,AbsChDay02,,,,11/21/19,7.413617896,32.391,2946.440063,2089.455074,97.13939807,2.375114029,7.806805253,31.40766667,2058.818952,1027.359881,93.33912571,2.299073434,N,11/21/19,71,Y,N,EPF port fell off on 11/15 reattached with superglue,23.16133333,all EPF were weighed with ports ,11/21/19,1.324,0.153666667,0,NA,0.663462092,19365_E,NA,NA,NA,NA,NA,NA,NA,NA,19.46843726,19.43114305,19.44087198,-0.000551306,-0.001434393,-0.000551306,23.11666667,31.33085507,7.910154783,7.776184696,2067,2167.333333,7.66065,1056.983333,1942.05,92.81666667,31.98333333,2.283333333,1.483333333,2235.058675,714.7333333,1911.466667,133.7666667,21.61666667,3.283333333,2.166666667,2230.383333,733.1405879,1913.909155,130.7742535,22.17233762,3.221205851,2.095463008,1056.958577,1942.051826,92.82485993,31.97905996,2.286635163,1.487541287,Y,,5.228700367,0.827081376,365
19370,400_23_N_1,6A1,400_23_N,400,23,N,N,Y,0,NA,NA,9/15/19,09152019_25,50,66,36,19.981,19.982,19.982,19.982,N,NA,10/13/19,10132019_25,84,66,36,19.952,19.951,19.949,19.951,1021.028182,1021.003037,2.46E-05,19.95017534,28,N,NA,11/8/19,11082019_25,25,65,35,19.945,19.943,19.943,19.944,1021.06302,-3.41E-05,19.94434715,26,54,N,NA,-0.001107143,-0.000269231,-0.000703704,-0.00112469,-0.000224161,-0.000583173,-0.000703704,-0.042222222,AbsChDay02,,,,11/21/19,7.048634974,33.391,5452.737509,8861.220435,78.17393798,1.896590269,8.185815401,31.141,1951.508086,624.4398252,131.7807326,3.251732934,N,11/21/19,71,Y,N,,34.621,cleaned on 12/23/19,11/21/19,2.227333333,0.299666667,0,NA,0.86556329,19370_E,1385157,129236,26271,67489,1188432,0.098079334,0.048722997,0.022105598,32.88462234,32.83435624,32.82300583,-0.001141047,-0.001795218,-0.001141047,23.236,31.32795652,8.192576565,8.058606565,1951.333333,2147.333333,7.899111667,566.3666667,1785.6,148.3833333,17.13333333,3.666666667,2.366666667,2280.452026,319.1166667,1702.166667,239.3,9.666666667,5.9,3.833333333,2273.066667,328.1035296,1707.11044,234.1104756,9.914799054,5.769931838,3.752973801,566.3631047,1785.604811,148.3910499,17.13985376,3.657555354,2.379401348,Y,,13.37771117,1.296794988,370
19372,400_23_S_1,3A1,400_23_S,400,23,S,N,Y,0.338198135,NA,NA,9/12/19,09122019_25,5,60,36,14.315,14.314,14.314,14.314,N,NA,10/14/19,10142019_25,42,62,36,14.301,14.299,14.299,14.3,1021.058218,1021.058218,0,14.29966667,32,N,NA,11/11/19,11112019_25,2,61,35,14.328,14.327,14.328,14.328,1021.06302,-4.70E-06,14.32773406,28,60,N,NA,-0.000458333,0.001,0.000222222,-0.000458333,0.001002407,-0.000244444,0.000222222,0.013333333,AbsChDay02,,,,11/20/19,6.777945659,33.721,4508.753266,13259.9066,33.65076574,0.81446469,8.179360109,31.00766667,1938.16086,479.8620065,164.0141717,4.051906095,N,11/20/19,70,Y,N,,NA,NA,11/20/19,2.159333333,0.302,0,NA,NA,19372_E,NA,NA,NA,NA,NA,NA,NA,NA,23.6940329,23.67133208,23.71673372,0.000378347,-0.000709401,0.000378347,22.796,31.32795652,8.198875435,8.064905435,1947.833333,2143.166667,7.902546667,557.1,1783.133333,147.5333333,16.98333333,3.633333333,2.366666667,2274.502767,315.2,1700.766667,237.3166667,9.616666667,5.85,3.783333333,2267.566667,323.5630322,1705.388004,232.4127877,9.850593123,5.725184295,3.72093039,557.1241192,1783.144825,147.5246047,16.98195495,3.634605058,2.362397187,Y,,13.21035393,1.290500455,372
19378,400_23_S_3,3A3,400_23_S,400,23,S,N,Y,0.500479805,NA,NA,9/12/19,09122019_25,24,55,36,9.821,9.823,9.821,9.822,N,NA,10/14/19,10142019_25,54,55,36,9.811,9.812,9.81,9.811,1021.058218,1021.058218,0,9.811,32,N,NA,11/11/19,11112019_25,15,55,34,9.823,9.822,9.828,9.824,1021.06302,-4.70E-06,9.824379541,28,60,N,NA,-0.000333333,0.00047619,4.44E-05,-0.000333333,0.000477841,-0.000177778,4.44E-05,0.002666667,AbsChDay02,Y,,,11/20/19,7.400558427,32.981,4271.419794,3112.496984,139.263386,3.390433696,8.205641598,31.57433333,1937.72642,451.1380586,175.1442545,4.309526192,N,11/20/19,70,Y,N,Female pea crab,NA,NA,11/20/19,0.743,0.091666667,small amount of gill; female pea crab,NA,NA,19378_E,NA,NA,NA,NA,NA,NA,NA,NA,16.4103124,16.39247604,16.41355538,5.40E-05,-0.000557386,5.40E-05,23.104,31.33665217,8.19967013,8.0657,1948.166667,2155.333333,7.922326667,529.8166667,1776.583333,155.4666667,16,3.833333333,2.5,2278.605916,317.1333333,1698.45,240.0333333,9.583333333,5.916666667,3.866666667,2271.366667,326.0501811,1703.27144,234.9378031,9.846587085,5.788424791,3.765717429,529.8372534,1776.573191,155.4759846,16.00665455,3.831091308,2.49236347,Y,small amount of gill compared to other oyster samples ,14.67726061,1.3431497,378
19382,2800_23_S_1,5A1,2800_23_S,2800,23,S,N,Y,0.461401099,NA,NA,9/13/19,09132019_25,54,56,40,12.426,12.426,12.423,12.425,N,NA,10/13/19,10132019_25,105,55,38,12.235,12.234,12.233,12.234,1021.033068,1021.003037,2.94E-05,12.23364017,30,N,NA,11/9/19,11092019_25,18,57,37,12.113,12.118,12.113,12.115,1021.088174,-5.40E-05,12.1153205,27,57,N,NA,-0.006366667,-0.004419753,-0.005444444,-0.006378661,-0.00438221,-0.00335719,-0.005444444,-0.326666667,AbsChDay02,,,,11/21/19,6.416258436,32.26433333,3698.959744,22598.95536,10.18201948,0.249016966,7.376826637,31.141,2219.352284,3186.367926,34.23288372,0.844211802,N,11/21/19,71,Y,N,,21.71,all EPF were weighed with ports ,11/21/19,1.981333333,0.26,0,NA,1.19760479,19382_E,NA,NA,NA,NA,NA,NA,NA,NA,20.63104358,20.32133953,20.12838255,-0.008818615,-0.010323468,-0.008818615,22.788,31.31201449,7.397814304,7.263844304,2226.833333,2174.5,7.19959,3311,2091.7,34.21666667,100.95,0.833333333,0.533333333,2219.085002,2447.233333,2105.083333,47.18333333,74.65,1.15,0.766666667,2215.783333,2504.946321,2104.428469,46.07134075,76.40309932,1.1350071,0.73748023,3311.002477,2091.71785,34.22265559,100.9624035,0.843059823,0.547776954,Y,,0.710749865,-0.170717359,382
19388,2800_23_U_2,7C2,2800_23_N,2800,23,N,N,Y,0,NA,NA,9/17/19,09172019_25,16,66,40,12.758,12.759,12.758,12.758,N,NA,10/12/19,10122019_25,91,65,41,12.586,12.584,12.585,12.585,1020.977893,1021.053328,-7.39E-05,12.58592985,25,N,NA,11/8/19,11082019_25,10,64,40,12.486,12.483,12.489,12.486,1021.06302,-8.34E-05,12.48704106,27,52,N,if something is weird check the other measurements,-0.006933333,-0.003666667,-0.005237179,-0.006896139,-0.003662548,-0.003315452,-0.005237179,-0.314230769,AbsChDay02,,,,NA,NA,NA,NA,NA,NA,NA,7.28068299,31.341,2233.215902,3484.656828,32.3822832,0.798173339,N,11/21/19,71,Y,N,,23.29,cleaned on 12/26/19,11/21/19,0.666,0.102666667,0,NA,0.440818663,19388_E,1115413,90063,56453,48097,977253,0.084382695,0.043120351,0.057767027,21.17099882,20.89048153,20.7299543,-0.008481625,-0.011220691,-0.008481625,23.104,31.34244928,7.38915287,7.255182783,2228,2181.5,7.21364,3210.466667,2094.666667,35.93333333,97.2,0.9,0.583333333,2215.896607,2541.616667,2104.866667,45.96666667,77,1.133333333,0.733333333,2212.483333,2603.093522,2104.136083,44.82269183,78.86144788,1.104462835,0.718436471,3210.449219,2094.685937,35.91657712,97.21770896,0.885024061,0.575665377,Y,,0.783267589,-0.122140447,388
19432,1000_23_S_1,8C1,1000_23_S,1000,23,S,N,Y,0.4465161,NA,NA,9/17/19,09172019_25,51,61,36,9.23,9.233,9.23,9.231,N,NA,10/13/19,10132019_25,19,61,38,9.194,9.194,9.196,9.195,1020.977893,1021.003037,-2.46E-05,9.194893113,26,N,NA,11/6/19,11062019_25,14,61,37,9.204,9.203,9.205,9.204,1021.058218,-7.87E-05,9.204724121,24,50,N,NA,-0.001397436,0.000388889,-0.00054,-0.001388726,0.000409625,-0.000722138,-0.00054,-0.0324,AbsChDay02,,,,11/21/19,7.503097107,31.88433333,2908.805335,1653.729093,115.6430696,2.836245171,7.82517204,31.60766667,2044.209646,951.1402689,97.72070822,2.401600779,N,11/21/19,71,Y,N,,17.412,all EPF were weighed with ports ,11/21/19,0.97,0.125,0,NA,0.717895704,19432_E,NA,NA,NA,NA,NA,NA,NA,NA,15.45201347,15.39363993,15.40823332,-0.000875603,-0.002245136,-0.000875603,23.092,31.37572222,7.91552225,7.78155225,2062.857143,2166.714286,7.67014,1030.3,1937.071429,94.54285714,31.17142857,2.342857143,1.528571429,2235.194162,697.1571429,1905.442857,136.2714286,21.08571429,3.357142857,2.171428571,2230.671429,714.3939118,1907.811362,133.367181,21.62286153,3.282916586,2.135655103,1030.323227,1937.067122,94.54356828,31.19071406,2.327467565,1.514085738,Y,,5.417105268,0.844780795,432
19441,2800_23_U_2,7C2,2800_23_N,2800,23,N,N,Y,0,NA,NA,9/17/19,09172019_25,14,74,43,16.636,16.638,16.637,16.637,N,NA,10/12/19,10122019_25,93,73,43,16.354,16.354,16.354,16.354,1020.977893,1021.053328,-7.39E-05,16.35520832,25,N,NA,11/8/19,11082019_25,8,71,43,16.223,16.216,16.22,16.22,1021.06302,-8.34E-05,16.22101904,27,52,N,NA,-0.01132,-0.004975309,-0.008025641,-0.011271667,-0.004969973,-0.005419071,-0.008025641,-0.481538462,AbsChDay02,,,,11/21/19,7.166195213,31.85433333,4749.796626,6051.1591,86.18499505,2.116190959,7.28068299,31.341,2233.215902,3484.656828,32.3822832,0.798173339,N,11/21/19,71,Y,N,,29.50966667,all EPF were weighed with ports ,11/21/19,1.899333333,0.238666667,0,NA,0.808774526,19441_E,1824732,555090,30530,98149,1171493,0.321496273,0.053788173,0.026060762,27.46074766,27.00186678,26.7845875,-0.01300308,-0.018355235,-0.01300308,23.104,31.34244928,7.38915287,7.255182783,2228,2181.5,7.21364,3210.466667,2094.666667,35.93333333,97.2,0.9,0.583333333,2215.896607,2541.616667,2104.866667,45.96666667,77,1.133333333,0.733333333,2212.483333,2603.093522,2104.136083,44.82269183,78.86144788,1.104462835,0.718436471,3210.449219,2094.685937,35.91657712,97.21770896,0.885024061,0.575665377,Y,,0.783267589,-0.122140447,441
19467,2800_23_S_3,5A3,2800_23_S,2800,23,S,N,Y,0.534267712,NA,NA,9/13/19,09132019_25,71,53,26,5.802,5.803,5.803,5.803,N,NA,10/14/19,10142019_25,12,53,26,5.669,5.671,5.668,5.669,1021.033068,1021.058218,-2.46E-05,5.669472977,31,N,NA,11/9/19,11092019_25,29,53,26,5.608,5.606,5.611,5.608,1021.088174,-5.40E-05,5.608636019,26,57,N,NA,-0.004301075,-0.002346154,-0.003409357,-0.004296571,-0.002339883,-0.002336731,-0.003409357,-0.204561404,AbsChDay02,,,,11/21/19,6.516153714,32.82433333,4954.811029,24861.95928,18.19017435,0.443002784,7.387858604,31.10766667,2213.585985,3087.713593,35.17775873,0.867725636,N,11/21/19,71,Y,N,,11.46566667,all EPF were weighed with ports ,11/21/19,0.611,0.103666667,0,NA,0.904148618,19467_E,NA,NA,NA,NA,NA,NA,NA,NA,9.893555353,9.676276069,9.57736535,-0.005547193,-0.007009009,-0.005547193,22.98,31.31926087,7.39440513,7.260435087,2228.5,2174.333333,7.19102,3365.1,2092.633333,33.76666667,102.0333333,0.833333333,0.55,2220.388753,2470.683333,2106.266667,47.26666667,74.91666667,1.166666667,0.766666667,2216.983333,2530.863633,2105.586432,46.10218892,76.73358601,1.135998063,0.738612331,3365.109506,2092.63114,33.76518168,102.0258851,0.832023798,0.540975112,Y,,0.692263601,-0.183894235,467
19468,1000_23_N_1,4C1,1000_23_N,1000,23,N,N,Y,0,NA,NA,9/13/19,09132019_25,29,59,40,11.295,11.296,11.297,11.296,N,NA,10/10/19,10102019_25,23,60,39,11.283,11.283,11.279,11.282,1021.033068,1021.033068,0,11.28166667,27,N,NA,11/10/19,11102019_25,31,60,40,11.296,11.298,11.299,11.298,1021.043061,-9.79E-06,11.29777724,31,58,N,NA,-0.000530864,0.000516129,2.87E-05,-0.000530864,0.000519696,-0.000247126,2.87E-05,0.001724138,AbsChDay02,,,,11/21/19,7.374314033,29.18766667,4698.684354,3824.751301,127.4879199,3.192544562,7.916764444,31.241,2045.195855,912.2237037,103.0801384,2.542658578,N,11/21/19,71,Y,N,,20.89533333,all EPF were weighed with ports ,11/21/19,1.209666667,0.166,0,NA,0.794435759,19468_E,NA,NA,NA,NA,NA,NA,NA,NA,18.80038453,18.77768371,18.80362751,5.59E-05,-0.000840771,5.59E-05,23.06,31.32505797,7.900731565,7.766761478,2055,2161.333333,7.677615,1014.35,1928.716667,95.65,30.81666667,2.366666667,1.533333333,2227.271525,698.9833333,1897.833333,136.1333333,21.23333333,3.35,2.183333333,2222.45,717.1362966,1900.377537,133.0567076,21.78897239,3.278960752,2.131649448,1014.32902,1928.726334,95.65850912,30.83837313,2.357405061,1.532647367,Y,,5.557358622,0.857561464,468
19472,2800_23_S_3,5A3,2800_23_S,2800,23,S,N,Y,0.322372032,NA,NA,9/13/19,09132019_25,72,48,34,6.718,6.719,6.719,6.719,N,NA,10/14/19,10142019_25,13,48,33,6.581,6.579,6.578,6.579,1021.033068,1021.058218,-2.46E-05,6.579495391,31,N,NA,11/9/19,11092019_25,26,49,32,6.479,6.479,6.478,6.479,1021.088174,-5.40E-05,6.479016324,26,57,N,NA,-0.004494624,-0.003871795,-0.004210526,-0.004489396,-0.00386458,-0.002441601,-0.004210526,-0.252631579,AbsChDay02,,,,11/21/19,6.708140931,32.32766667,4032.268251,13772.64451,23.96466531,0.585815321,7.387858604,31.10766667,2213.585985,3087.713593,35.17775873,0.867725636,N,11/21/19,71,Y,N,,12.92033333,all EPF were weighed with ports ,11/21/19,0.68,0.085333333,male pea crab,NA,0.660457677,19472_E,NA,NA,NA,NA,NA,NA,NA,NA,11.37883763,11.15182942,10.9896807,-0.006827315,-0.007322845,-0.006827315,22.98,31.31926087,7.39440513,7.260435087,2228.5,2174.333333,7.19102,3365.1,2092.633333,33.76666667,102.0333333,0.833333333,0.55,2220.388753,2470.683333,2106.266667,47.26666667,74.91666667,1.166666667,0.766666667,2216.983333,2530.863633,2105.586432,46.10218892,76.73358601,1.135998063,0.738612331,3365.109506,2092.63114,33.76518168,102.0258851,0.832023798,0.540975112,Y,,0.692263601,-0.183894235,472
19496,400_23_N_2,6A2,400_23_N,400,23,N,N,Y,0,NA,NA,9/15/19,09152019_25,56,61,38,9.267,9.269,9.268,9.268,N,NA,10/13/19,10132019_25,88,62,38,9.264,9.265,9.266,9.265,1021.028182,1021.003037,2.46E-05,9.264771829,28,N,NA,11/8/19,11082019_25,32,61,37,9.267,9.265,9.267,9.266,1021.06302,-3.41E-05,9.266649503,26,54,N,NA,-0.000107143,5.13E-05,-3.09E-05,-0.000115292,7.22E-05,-5.98E-05,-3.09E-05,-0.001851852,AbsChDay02,,,,11/21/19,7.534737385,32.76766667,3963.367803,2072.801954,174.1550436,4.243888968,8.186019389,31.17433333,1942.662086,519.7369522,152.4673119,3.759780449,N,11/21/19,71,Y,N,,17.424,cleaned on 12/23/19,11/21/19,0.977666667,0.130666667,0,NA,0.749923477,19496_E,1376996,157719,28826,83462,1135815,0.121928763,0.06061165,0.025379133,15.5120085,15.50714403,15.50876552,-6.01E-05,-0.000173731,-6.01E-05,23.056,31.29462319,8.19706513,8.063095087,1947,2149.833333,7.917836667,537.4166667,1778.3,152.4666667,16.33333333,3.766666667,2.433333333,2277.580322,312.5833333,1697.7,239.9,9.5,5.933333333,3.85,2270.416667,321.1885515,1702.50521,234.8338987,9.761185149,5.786639351,3.761222927,537.4219834,1778.305945,152.4494351,16.3449132,3.756832939,2.442059642,Y,,14.11379373,1.323576299,496
19505,2800_23_S_3,5A3,2800_23_S,2800,23,S,N,Y,0.290376686,NA,NA,9/13/19,09132019_25,69,59,33,7.636,7.637,7.635,7.636,N,NA,10/14/19,10142019_25,10,58,33,7.507,7.508,7.508,7.508,1021.033068,1021.058218,-2.46E-05,7.507851591,31,N,NA,11/9/19,11092019_25,28,59,33,7.437,7.439,7.438,7.438,1021.088174,-5.40E-05,7.438401434,26,57,N,NA,-0.004139785,-0.002679487,-0.003473684,-0.00413382,-0.00267116,-0.002248218,-0.003473684,-0.208421053,AbsChDay02,,,,11/21/19,6.941517477,29.911,3814.481064,8111.457853,37.40917279,0.930851494,7.387858604,31.10766667,2213.585985,3087.713593,35.17775873,0.867725636,N,11/21/19,71,Y,N,,14.45733333,all EPF were weighed with ports ,11/21/19,0.645666667,0.091333333,0,NA,0.631743982,19505_E,NA,NA,NA,NA,NA,NA,NA,NA,12.86574139,12.65819103,12.54468692,-0.005632534,-0.006695173,-0.005632534,22.98,31.31926087,7.39440513,7.260435087,2228.5,2174.333333,7.19102,3365.1,2092.633333,33.76666667,102.0333333,0.833333333,0.55,2220.388753,2470.683333,2106.266667,47.26666667,74.91666667,1.166666667,0.766666667,2216.983333,2530.863633,2105.586432,46.10218892,76.73358601,1.135998063,0.738612331,3365.109506,2092.63114,33.76518168,102.0258851,0.832023798,0.540975112,Y,,0.692263601,-0.183894235,505
19516,400_23_N_3,6A3,400_23_N,400,23,N,N,Y,0,NA,NA,9/15/19,09152019_25,68,70,39,11.033,11.034,11.032,11.033,N,NA,10/13/19,10132019_25,96,70,38,11.015,11.016,11.016,11.016,1021.028182,1021.003037,2.46E-05,11.01539538,28,N,NA,11/8/19,11082019_25,36,70,39,11.007,11.007,11.009,11.008,1021.06302,-3.41E-05,11.00804225,26,54,N,NA,-0.000619048,-0.000307692,-0.000469136,-0.000628736,-0.000282813,-0.000326011,-0.000469136,-0.028148148,AbsChDay02,,,,11/21/19,7.279090842,32.291,3738.378465,3601.832155,89.54052898,2.189799138,8.185815401,31.141,1940.309854,483.2781454,161.893927,3.993216979,N,11/21/19,71,Y,N,,20.26333333,cleaned on 12/23/19,11/21/19,1.677666667,0.192333333,0,NA,0.949169271,19516_E,1459701,0,0,0,1459701,0,0,0,18.3739334,18.34636812,18.33339622,-0.000750689,-0.000984474,-0.000750689,23.048,31.31636232,8.195737174,8.061767174,1944.333333,2152.333333,7.928661667,521.7,1772.983333,155.6,15.9,3.85,2.5,2273.069377,313.1833333,1696.566667,238.3833333,9.516666667,5.9,3.816666667,2266.1,321.5225836,1701.222468,233.4660917,9.783386694,5.751145188,3.737968757,521.6958106,1772.991738,155.5930028,15.88720553,3.833091976,2.491525271,Y,,14.69259409,1.343671782,516
19525,400_23_N_1,6A1,400_23_N,400,23,N,N,Y,0,NA,NA,9/15/19,09152019_25,52,51,26,4.585,4.583,4.585,4.584,N,tagged,10/13/19,10132019_25,82,51,27,4.591,4.59,4.591,4.591,1021.028182,1021.003037,2.46E-05,4.590553611,28,N,NA,11/8/19,11082019_25,21,51,27,4.592,4.598,4.595,4.595,1021.06302,-3.41E-05,4.595156783,26,54,N,NA,0.00022619,0.000166667,0.000197531,0.000222153,0.000177045,0.00011519,0.000197531,0.011851852,AbsChDay02,,,,NA,NA,NA,NA,NA,NA,NA,8.185815401,31.141,1951.508086,624.4398252,131.7807326,3.251732934,N,11/18/19,68,Y,N,died on its own,9.428333333,cleaned on 12/26/19,11/18/19,0.292666667,0.040333333,0,NA,0.427788581,19525_E,NA,NA,NA,NA,NA,NA,NA,NA,7.916962458,7.928312869,7.934798818,0.000330303,0.000405372,0.000330303,23.236,31.32795652,8.192576565,8.058606565,1951.333333,2147.333333,7.899111667,566.3666667,1785.6,148.3833333,17.13333333,3.666666667,2.366666667,2280.452026,319.1166667,1702.166667,239.3,9.666666667,5.9,3.833333333,2273.066667,328.1035296,1707.11044,234.1104756,9.914799054,5.769931838,3.752973801,566.3631047,1785.604811,148.3910499,17.13985376,3.657555354,2.379401348,Y,,13.37771117,1.296794988,525
19536,2800_23_N_3,4B3,2800_23_N,2800,23,N,N,Y,0,NA,NA,9/13/19,09132019_25,19,69,37,16.862,16.862,16.862,16.862,N,NA,10/10/19,10102019_25,20,69,36,16.626,16.627,16.625,16.626,1021.033068,1021.033068,0,16.626,27,N,NA,11/10/19,11102019_25,23,69,36,16.478,16.48,16.48,16.479,1021.043061,-9.79E-06,16.47949462,31,58,N,NA,-0.008740741,-0.004731183,-0.006597701,-0.008740741,-0.00472598,-0.004068966,-0.006597701,-0.395862069,AbsChDay02,,,,11/21/19,7.158744656,32.70766667,2732.523711,3538.891257,50.23763991,1.226260646,7.354966692,31.241,2203.311296,2968.373245,37.74905749,0.931710254,N,11/21/19,71,Y,N,,NA,NA,11/21/19,0.946666667,0.139,0,NA,NA,19536_E,1858767,115728,36901,155288,1587751,0.067936265,0.083543553,0.02324105,27.82558228,27.4429113,27.20455268,-0.010707407,-0.014172999,-0.010707407,23.16,31.3583913,7.387560391,7.253590348,2212,2165.166667,7.209116667,3204.016667,2079.85,35.25,96.8,0.866666667,0.583333333,2203.674561,2471.016667,2090.516667,46.8,74.58333333,1.15,0.75,2200.266667,2531.832474,2089.81761,45.65085414,76.43017873,1.124798687,0.731711723,3204.023012,2079.827887,35.26043175,96.81032372,0.868826236,0.565254065,Y,,0.754859028,-0.140612133,536
19542,1000_23_S_1,8C1,1000_23_S,1000,23,S,N,Y,0.384437619,NA,NA,9/17/19,09172019_25,53,72,36,15.387,15.389,15.389,15.388,N,NA,10/13/19,10132019_25,24,71,35,15.379,15.38,15.379,15.379,1020.977893,1021.003037,-2.46E-05,15.3797121,26,N,NA,11/6/19,11062019_25,15,71,35,15.364,15.366,15.366,15.365,1021.058218,-7.87E-05,15.3665422,24,50,N,NA,-0.000346154,-0.000583333,-0.00046,-0.000331586,-0.000548746,-0.000172425,-0.00046,-0.0276,AbsChDay02,,,,11/22/19,NA,NA,NA,NA,NA,NA,7.82517204,31.60766667,2041.242279,958.3274701,96.76236732,2.37804843,N,11/22/19,72,Y,N,,NA,NA,11/22/19,2.336333333,0.326333333,0,NA,NA,19542_E,NA,NA,NA,NA,NA,NA,NA,NA,25.43551015,25.42091677,25.39821595,-0.000745884,-0.000561284,-0.000745884,23.092,31.37572222,7.91552225,7.78155225,2062.857143,2166.714286,7.67014,1030.3,1937.071429,94.54285714,31.17142857,2.342857143,1.528571429,2235.194162,697.1571429,1905.442857,136.2714286,21.08571429,3.357142857,2.171428571,2230.671429,714.3939118,1907.811362,133.367181,21.62286153,3.282916586,2.135655103,1030.323227,1937.067122,94.54356828,31.19071406,2.327467565,1.514085738,Y,,5.417105268,0.844780795,542
19549,2800_23_S_2,5A2,2800_23_S,2800,23,S,N,Y,0.535399164,NA,NA,9/13/19,09132019_25,64,63,31,8.426,8.425,8.424,8.425,N,NA,10/14/19,10142019_25,7,62,31,8.246,8.247,8.248,8.247,1021.033068,1021.058218,-2.46E-05,8.247203135,31,N,NA,11/9/19,11092019_25,20,62,31,8.144,8.144,8.147,8.145,1021.088174,-5.40E-05,8.145439591,26,57,N,NA,-0.005741935,-0.003923077,-0.004912281,-0.005735383,-0.003913982,-0.003119243,-0.004912281,-0.294736842,AbsChDay02,,,,11/21/19,6.715693262,32.95433333,5559.987113,18580.62418,34.38336592,0.836549666,7.376622649,31.10766667,2215.0996,3274.662907,33.10039736,0.816483607,N,11/21/19,71,Y,N,,15.45,all EPF were weighed with ports ,11/21/19,0.905666667,0.139666667,port fell off while shucking,NA,0.90399137,19549_E,NA,NA,NA,NA,NA,NA,NA,NA,14.14509479,13.85647007,13.69107837,-0.0079652,-0.009310475,-0.0079652,22.968,31.29897101,7.378232957,7.244262913,2231.833333,2170.833333,7.171391667,3515.333333,2092.916667,32.23333333,106.65,0.783333333,0.5,2220.476563,2530.333333,2108.766667,46.25,76.75,1.15,0.75,2217.05,2591.998859,2108.017362,45.12545883,78.62760679,1.111989415,0.722951405,3515.30077,2092.900789,32.21613938,106.6534995,0.793872877,0.516145965,Y,,0.630234145,-0.230831935,549
19563,1000_23_N_2,4C2,1000_23_N,1000,23,N,N,Y,0,NA,NA,9/13/19,09132019_25,33,73,39,26.143,26.142,26.141,26.142,N,NA,10/10/19,10102019_25,30,74,42,26.079,26.078,26.081,26.079,1021.033068,1021.033068,0,26.07933333,27,N,NA,11/10/19,11102019_25,36,73,39,26.049,26.051,26.049,26.05,1021.043061,-9.79E-06,26.04992161,31,58,N,NA,-0.002320988,-0.000956989,-0.001591954,-0.002320988,-0.000948765,-0.00108046,-0.001591954,-0.095517241,AbsChDay02,,,,11/21/19,6.980258041,28.33766667,2670.706079,5394.994395,27.45025671,0.691659217,7.916560456,31.20766667,2033.243002,824.2229807,111.8658747,2.760058878,N,11/21/19,71,Y,N,,44.824,cleaned on 12/26/19,11/21/19,3.365333333,0.426,port fell off while shucking,NA,0.950383723,19563_E,NA,NA,NA,NA,NA,NA,NA,NA,42.87298348,42.77082979,42.72380666,-0.002572014,-0.00378347,-0.002572014,23.064,31.3294058,7.907262043,7.773291913,2061,2170.833333,7.688575,989.4666667,1933.016667,97.91666667,30.13333333,2.416666667,1.566666667,2237.225952,683.7,1901.383333,138.8666667,20.83333333,3.433333333,2.216666667,2232.45,700.9489598,1903.917775,135.7907344,21.33298975,3.34528825,2.17452438,989.4896541,1933.01601,97.89910127,30.12638737,2.411863588,1.56781782,Y,,5.817085967,0.880399722,563
19564,1000_23_U_1,8B1,1000_23_N,1000,23,N,N,Y,0,NA,NA,9/17/19,09172019_25,29,69,34,8.556,8.556,8.557,8.556,N,NA,10/13/19,10132019_25,1,69,34,8.533,8.534,8.536,8.534,1020.977893,1021.003037,-2.46E-05,8.534543517,26,N,NA,11/6/19,11062019_25,2,69,34,8.529,8.528,8.529,8.529,1021.058218,-7.87E-05,8.529337656,24,50,N,NA,-0.000846154,-0.000236111,-0.000553333,-0.00083807,-0.000216911,-0.000435796,-0.000553333,-0.0332,AbsChDay02,,,,11/21/19,7.236723347,33.061,2962.059154,3141.757678,65.89736728,1.602784208,7.806193288,31.30766667,2050.690447,1011.768732,93.40687109,2.30200273,N,11/21/19,71,Y,N,,17.66466667,all EPF were weighed with ports ,11/21/19,1.200666667,0.159666667,port was pretty deep,NA,0.90387591,19564_E,NA,NA,NA,NA,NA,NA,NA,NA,14.35750961,14.32183689,14.31372946,-0.000875603,-0.001372028,-0.000875603,23.18333333,31.35549275,7.908794696,7.774824652,2064.833333,2165.166667,7.657005,1068.233333,1939.95,92.58333333,32.16666667,2.283333333,1.483333333,2233.949137,715.5833333,1908.666667,134.4666667,21.55,3.3,2.166666667,2229.066667,734.6576735,1911.214535,131.3673179,22.10856747,3.236909106,2.106602105,1068.218836,1939.941064,92.59239061,32.15696625,2.281569649,1.484900382,Y,,5.205560061,0.824863648,564
19611,400_23_S_3,3A3,400_23_S,400,23,S,N,Y,0.311460651,NA,NA,9/12/19,09122019_25,22,73,41,18.781,18.781,18.781,18.781,N,NA,10/14/19,10142019_25,52,73,41,18.749,18.749,18.748,18.749,1021.058218,1021.058218,0,18.74866667,32,N,NA,11/11/19,11112019_25,17,73,40,18.756,18.758,18.757,18.757,1021.06302,-4.70E-06,18.75708822,28,60,N,if something is weird check the other measurements,-0.001010417,0.000297619,-4.00E-04,-0.001010417,0.00030077,-0.000538889,-4.00E-04,-0.024,AbsChDay02,,,,11/20/19,6.49720951,34.081,9070.282912,47368.16074,33.28821086,0.803565041,8.205641598,31.57433333,1937.72642,451.1380586,175.1442545,4.309526192,N,11/20/19,70,Y,N,,NA,NA,11/20/19,2.306333333,0.278333333,port fell off while shucking,excessive salt in weigh boat,NA,19611_E,NA,NA,NA,NA,NA,NA,NA,NA,30.93721621,30.88532862,30.89830052,-0.000648595,-0.001621487,-0.000648595,23.104,31.33665217,8.19967013,8.0657,1948.166667,2155.333333,7.922326667,529.8166667,1776.583333,155.4666667,16,3.833333333,2.5,2278.605916,317.1333333,1698.45,240.0333333,9.583333333,5.916666667,3.866666667,2271.366667,326.0501811,1703.27144,234.9378031,9.846587085,5.788424791,3.765717429,529.8372534,1776.573191,155.4759846,16.00665455,3.831091308,2.49236347,Y,,14.67726061,1.3431497,611
19616,1000_23_S_2,8C2,1000_23_S,1000,23,S,N,Y,0.353840216,NA,NA,9/17/19,09172019_25,57,63,44,21.036,21.034,21.033,21.034,N,NA,10/13/19,10132019_25,28,64,44,21.008,21.006,21.008,21.007,1020.977893,1021.003037,-2.46E-05,21.0078507,26,N,NA,11/6/19,11062019_25,16,64,43,20.977,20.977,20.978,20.977,1021.058218,-7.87E-05,20.97898372,24,50,N,NA,-0.001038462,-0.00125,-0.00114,-0.001018563,-0.001202791,-0.000529653,-0.00114,-0.0684,AbsChDay02,,,,11/22/19,7.021671369,18.54433333,12095.80058,25561.91802,92.1439795,2.493602178,7.823744122,31.37433333,2038.770326,884.3516119,104.0115367,2.561100164,N,11/22/19,72,Y,N,,NA,NA,11/22/19,2.409333333,0.319,0,NA,NA,19616_E,NA,NA,NA,NA,NA,NA,NA,NA,34.59042687,34.54664672,34.4980021,-0.001848495,-0.001683852,-0.001848495,23.268,31.38127778,7.91365025,7.779680167,2061.142857,2166.857143,7.671992857,1029.2,1934.6,95.45714286,31.01428571,2.342857143,1.528571429,2233.0753,701.4,1903.828571,136.1,21.15714286,3.342857143,2.171428571,2228.242857,719.8087925,1906.374202,132.9957385,21.70219753,3.276415403,2.132166249,1029.19665,1934.600432,95.45515456,31.01655176,2.351567585,1.530232523,Y,,5.529870107,0.855082163,616
19637,400_23_S_2,3A2,400_23_S,400,23,S,N,Y,0.492627184,NA,NA,9/12/19,09122019_25,10,52,36,6.467,6.466,6.466,6.466,N,NA,10/14/19,10142019_25,49,52,36,6.46,6.46,6.457,6.459,1021.058218,1021.058218,0,6.459,32,N,NA,11/11/19,11112019_25,14,53,40,6.445,6.444,6.444,6.444,1021.06302,-4.70E-06,6.444363644,28,60,N,NA,-0.000229167,-0.00052381,-0.000366667,-0.000229167,-0.000522727,-0.000122222,-0.000366667,-0.022,AbsChDay02,,,,11/20/19,7.434943899,30.84433333,3072.73658,2105.471736,101.247412,2.503791682,8.174880617,31.20766667,1927.582504,437.8637902,175.4725109,4.327706641,N,11/20/19,70,Y,N,,NA,NA,11/20/19,0.513,0.066,0,NA,NA,19637_E,NA,NA,NA,NA,NA,NA,NA,NA,10.96860137,10.95725096,10.93292865,-0.000594545,-0.0003547,-0.000594545,22.956,31.32650725,8.195930826,8.061960783,1951.5,2166,7.937238333,517.7,1774.95,160.6333333,15.71666667,3.95,2.566666667,2274.001668,322.75,1706.966667,234.5333333,9.8,5.75,3.75,2266.983333,331.5501437,1711.644494,229.5976011,10.06257693,5.65684502,3.677776581,517.6874945,1774.966379,160.6152211,15.72307197,3.957805473,2.573273923,Y,,15.66422416,1.375689698,637
19642,400_23_U_2,6C2,400_23_N,400,23,N,N,Y,0,NA,NA,9/16/19,09162019_25,20,56,29,8.63,8.63,8.627,8.629,N,NA,10/12/19,10122019_25,52,56,29,8.632,8.633,8.633,8.633,1021.058218,1021.053328,4.79E-06,8.632625326,26,N,NA,11/9/19,11092019_25,6,56,29,8.625,8.627,8.625,8.626,1021.088174,-2.93E-05,8.625919731,28,54,N,NA,0.000141026,-0.00025,-6.17E-05,0.000139436,-0.000239486,6.71E-05,-6.17E-05,-0.003703704,AbsChDay02,,,,11/21/19,7.070589541,31.41433333,4205.747152,6650.483168,59.66805802,1.469350897,8.27049304,31.20766667,1882.783361,402.7305439,180.2787407,4.446243456,N,11/21/19,71,Y,N,,16.30966667,cleaned on 12/23/19,11/21/19,0.873666667,0.123666667,0,NA,0.758241534,19642_E,1182643,67071,40579,24664,1090908,0.057920739,0.020854983,0.037197454,14.47587818,14.48236413,14.47101371,-9.01E-05,0.00024946,-9.01E-05,23.312,31.3294058,8.22892287,8.09495287,1931,2157,7.957898333,482.8833333,1749.366667,167.15,14.51666667,4.116666667,2.683333333,2286.309815,289.5333333,1665.3,257.0333333,8.716666667,6.333333333,4.116666667,2278.3,298.0690745,1670.732451,251.3587426,8.955815642,6.197146963,4.033109744,482.8798924,1749.370325,167.1616106,14.51507278,4.121467589,2.682387871,Y,,16.98649509,1.416209311,642
19650,400_23_S_1,3A1,400_23_S,400,23,S,N,Y,0.470498517,NA,NA,9/12/19,09122019_25,4,68,34,10.369,10.371,10.367,10.369,N,NA,10/14/19,10142019_25,40,68,32,10.344,10.345,10.344,10.344,1021.058218,1021.058218,0,10.34433333,32,N,NA,11/11/19,11112019_25,5,68,30,10.352,10.353,10.352,10.352,1021.06302,-4.70E-06,10.35238202,28,60,N,NA,-0.000770833,0.000285714,-0.000277778,-0.000770833,0.000287453,-0.000411111,-0.000277778,-0.016666667,AbsChDay02,,,,11/20/19,7.091359034,33.01766667,6557.907709,9746.343391,103.1163474,2.509289101,8.179360109,31.00766667,1938.16086,479.8620065,164.0141717,4.051906095,N,11/20/19,70,Y,N,,NA,NA,11/20/19,0.713,0.103,0,NA,NA,19650_E,NA,NA,NA,NA,NA,NA,NA,NA,17.2972659,17.25672872,17.26970062,-0.000459421,-0.001266787,-0.000459421,22.796,31.32795652,8.198875435,8.064905435,1947.833333,2143.166667,7.902546667,557.1,1783.133333,147.5333333,16.98333333,3.633333333,2.366666667,2274.502767,315.2,1700.766667,237.3166667,9.616666667,5.85,3.783333333,2267.566667,323.5630322,1705.388004,232.4127877,9.850593123,5.725184295,3.72093039,557.1241192,1783.144825,147.5246047,16.98195495,3.634605058,2.362397187,Y,,13.21035393,1.290500455,650